{"count":1,"self":94.9564096,"total":95.470090399999989,"children":{"InitializeActuators":{"count":1,"self":0.0010077999999999999,"total":0.0010077999999999999,"children":null},"InitializeSensors":{"count":1,"self":0.00050309999999999992,"total":0.00050309999999999992,"children":null},"AgentSendState":{"count":4291,"self":0.0193312,"total":0.0405509,"children":{"CollectObservations":{"count":859,"self":0.0081286,"total":0.0081286,"children":null},"WriteActionMask":{"count":859,"self":0.0020047999999999997,"total":0.0020047999999999997,"children":null},"RequestDecision":{"count":859,"self":0.0110863,"total":0.0110863,"children":null}}},"DecideAction":{"count":4291,"self":0.37977059999999996,"total":0.37977059999999996,"children":null},"AgentAct":{"count":4291,"self":0.0918461,"total":0.0918461,"children":null}},"gauges":{"DragonFlight.CumulativeReward":{"count":1,"max":67.1650162,"min":67.1650162,"runningAverage":67.1650162,"value":67.1650162,"weightedAverage":67.1650162}},"metadata":{"timer_format_version":"0.1.0","start_time_seconds":"1774621813","unity_version":"6000.0.47f1","command_line_arguments":"C:\\Program Files\\Unity\\Hub\\Editor\\6000.0.47f1\\Editor\\Unity.exe -projectpath D:\\Repos\\AI-Agent -acceptSoftwareTermsForThisRunOnly -useHub -hubIPC -cloudEnvironment production","communication_protocol_version":"1.5.0","com.unity.ml-agents_version":"4.0.1","scene_name":"SampleScene","end_time_seconds":"1774621909"}}